Fecha,Repeticion,Waveguide,Power_dBm,x1,y1,z1,status_left,x2,y2,z2,status_right
2026-07-30 15:55:25,1,WG0,-35.09175781779491,-25004.18,4990.995,11497.760000000002,Success,-24991.58,4756.0,12607.309999999998,Success
2026-07-30 15:55:42,1,WG1,-37.75083800581957,-25132.74,4990.995,11496.779999999999,Success,-25117.94,4756.0,12606.669999999998,Success
2026-07-30 15:55:58,1,WG2,-37.82130819202626,-25259.6,4990.995,11496.270000000004,Success,-25245.8,4756.0,12606.230000000003,Success
2026-07-30 15:56:14,1,WG3,-37.91461838552825,-25387.34,4990.995,11495.950000000004,Success,-25373.44,4756.0,12605.54,Success
2026-07-30 15:56:32,2,WG0,-35.417071203241434,-25004.04,4990.995,11497.529999999999,Success,-24991.38,4765.97,12604.849999999999,Success
2026-07-30 15:56:47,2,WG1,-38.178101221708616,-25132.58,4990.995,11497.0,Success,-25118.24,4765.97,12604.059999999998,Success
2026-07-30 15:57:03,2,WG2,-38.178293953299075,-25259.51,4990.995,11496.370000000003,Success,-25245.87,4765.97,12603.89,Success
2026-07-30 15:57:19,2,WG3,-38.24413076022348,-25387.39,4990.995,11495.840000000004,Success,-25373.85,4765.97,12603.470000000001,Success
2026-07-30 15:57:36,3,WG0,-35.75813168929594,-25003.88,4990.995,11497.470000000001,Success,-24991.43,4775.97,12602.620000000003,Success
2026-07-30 15:57:52,3,WG1,-38.498229534881965,-25132.42,4990.995,11496.910000000003,Success,-25118.0,4775.965,12602.059999999998,Success
2026-07-30 15:58:09,3,WG2,-38.58546540886713,-25259.31,4990.995,11496.43,Success,-25246.01,4775.965,12601.43,Success
2026-07-30 15:58:25,3,WG3,-38.64840797583332,-25387.21,4990.995,11495.900000000001,Success,-25374.04,4775.965,12601.230000000003,Success
2026-07-30 15:58:43,4,WG0,-36.10280281918986,-25003.81,4990.995,11497.260000000002,Success,-24991.56,4785.965,12600.75,Success
2026-07-30 15:58:58,4,WG1,-38.82373374171361,-25132.31,4990.995,11496.809999999998,Success,-25118.05,4785.965,12600.0,Success
2026-07-30 15:59:15,4,WG2,-38.921631102147806,-25259.22,4990.995,11496.309999999998,Success,-25246.25,4785.965,12599.419999999998,Success
2026-07-30 15:59:31,4,WG3,-38.97047976880107,-25387.24,4990.995,11495.61,Success,-25374.18,4785.965,12599.440000000002,Success
2026-07-30 15:59:49,5,WG0,-36.48707102077691,-25003.91,4990.995,11497.450000000004,Success,-24991.71,4795.965,12598.870000000003,Success
2026-07-30 16:00:05,5,WG1,-39.18434161630232,-25132.38,4990.995,11496.68,Success,-25117.91,4795.965,12598.330000000002,Success
2026-07-30 16:00:26,5,WG2,-39.208165636840775,-25259.41,4990.995,11495.910000000003,Success,-25246.21,4795.965,12597.529999999999,Success
2026-07-30 16:00:42,5,WG3,-39.37007157696117,-25386.72,4990.995,11495.770000000004,Success,-25374.07,4795.965,12597.190000000002,Success
2026-07-30 16:01:00,6,WG0,-36.860711379650766,-25003.96,4990.995,11497.620000000003,Success,-24991.43,4805.965,12596.849999999999,Success
2026-07-30 16:01:15,6,WG1,-39.51874484193088,-25132.15,4990.995,11496.849999999999,Success,-25118.09,4805.965,12595.879999999997,Success
2026-07-30 16:01:33,6,WG2,-39.57504230122858,-25259.3,4990.995,11496.230000000003,Success,-25246.68,4805.965,12595.36,Success
2026-07-30 16:01:50,6,WG3,-39.61670278088128,-25387.17,4990.995,11495.64,Success,-25373.66,4805.965,12594.809999999998,Success
2026-07-30 16:02:07,7,WG0,-37.147534477647476,-25003.97,4990.995,11497.57,Success,-24991.26,4815.855,12594.14,Success
2026-07-30 16:02:25,7,WG1,-39.796675491056405,-25132.25,4990.995,11496.660000000003,Success,-25118.38,4815.855,12593.54,Success
2026-07-30 16:02:43,7,WG2,-39.84288711243912,-25259.45,4990.995,11495.989999999998,Success,-25246.5,4815.855,12593.150000000001,Success
2026-07-30 16:02:59,7,WG3,-39.96550202047981,-25387.04,4990.995,11495.770000000004,Success,-25374.29,4815.855,12592.82,Success
2026-07-30 16:03:16,8,WG0,-37.47643512960298,-25003.68,4990.995,11497.71,Success,-24991.87,4825.74,12592.160000000003,Success
2026-07-30 16:03:38,8,WG1,-40.115873100671436,-25132.05,4990.995,11496.669999999998,Success,-25118.19,4825.74,12591.370000000003,Success
2026-07-30 16:03:56,8,WG2,-40.18334049713699,-25259.04,4990.995,11495.980000000003,Success,-25246.45,4825.74,12590.809999999998,Success
2026-07-30 16:04:13,8,WG3,-40.309526077523756,-25386.92,4990.995,11495.879999999997,Success,-25373.84,4825.74,12590.54,Success
